INSERT INTO public.role (id, created_at, created_by, last_modified_at, last_modified_by, code, description, name) VALUES ('a82da419-076a-45d5-8d8d-041980f3f485', '2022-11-04 13:08:50.893279', 'SYSTEM', '2022-11-04 13:08:50.893279', 'SYSTEM', 'ADMIN', 'Admin has full privileges', 'Admin');
INSERT INTO public.role (id, created_at, created_by, last_modified_at, last_modified_by, code, description, name) VALUES ('deabede2-b527-480a-bf51-d9c439f37464', '2022-11-04 13:09:23.885399', 'SYSTEM', '2022-11-04 13:09:23.885399', 'SYSTEM', 'USER', 'User', 'User');

INSERT INTO public.address (id, created_at, created_by, last_modified_at, last_modified_by, city, district, province, street, zip_code) VALUES ('29615a7e-7a06-4306-a3c9-0dfe0a6bfe3c', '2022-11-17 19:37:24.032384', 'usertest', '2022-11-17 19:37:24.032384', 'usertest', 'string', 'string', 'string', 'string', 'string');
INSERT INTO public.address (id, created_at, created_by, last_modified_at, last_modified_by, city, district, province, street, zip_code) VALUES ('2fdf6dc5-2302-4968-9a99-5ca3c200284b', '2022-11-17 19:49:12.703555', 'usertest', '2022-11-17 19:49:12.703555', 'usertest', 'string', 'string', 'string', 'string', 'string');
INSERT INTO public.address (id, created_at, created_by, last_modified_at, last_modified_by, city, district, province, street, zip_code) VALUES ('fd39065d-e8a8-43c5-b50d-6c2c5cd2f673', '2022-11-17 22:04:36.816445', 'usertest', '2022-11-17 22:04:36.816445', 'usertest', 'string', 'string', 'string', 'string', 'string');
INSERT INTO public.address (id, created_at, created_by, last_modified_at, last_modified_by, city, district, province, street, zip_code) VALUES ('4363c597-ff1a-4fbf-8982-621ea464eb66', '2022-11-17 22:21:00.764978', 'usertest', '2022-11-17 22:21:00.764978', 'usertest', 'string', 'string', 'string', 'string', 'string');
INSERT INTO public.address (id, created_at, created_by, last_modified_at, last_modified_by, city, district, province, street, zip_code) VALUES ('23d63def-9efc-42db-9956-6bee21dc8eec', '2022-11-18 00:39:37.676336', 'usertest', '2022-11-18 00:39:37.676336', 'usertest', 'string', 'string', 'string', 'string', 'string');
INSERT INTO public.address (id, created_at, created_by, last_modified_at, last_modified_by, city, district, province, street, zip_code) VALUES ('10f97904-8587-49c6-9f8a-fa887d4a9fc9', '2022-11-18 01:02:46.951130', 'usertest', '2022-11-18 01:02:46.951130', 'usertest', 'string', 'string', 'string', 'string', 'string');

INSERT INTO public.users (id, created_at, created_by, last_modified_at, last_modified_by, avatar, email, email_verified, name, password, status, username, role_id) VALUES ('09d8e47a-da06-4861-bb52-a4aca9c465e5', '2022-11-04 13:13:38.025262', 'SYSTEM', '2022-11-04 13:13:58.788314', 'SYSTEM', null, 'ndkhoalk97@gmail.com', true, 'Admin', '$2a$10$3HlQfx6WS2SarObeA8awkuvZrus1iXdyDXhTTJrBCEa5nMjPR9b6u', 'ACTIVE', 'admin', 'a82da419-076a-45d5-8d8d-041980f3f485');
INSERT INTO public.users (id, created_at, created_by, last_modified_at, last_modified_by, avatar, email, email_verified, name, password, status, username, role_id) VALUES ('100f8ae9-d59c-42ff-ae48-c35150e0f3f0', '2022-11-04 13:56:01.425603', 'SYSTEM', '2022-11-04 13:56:30.224530', 'SYSTEM', null, 'ndkhoalk97test@yopmail.com', true, 'UserTest', '$2a$10$j0.nMpKy9o9RsYpYpYcdVuIkBAp2LDS8AxlTlBl3WqUFzdltWVU1W', 'ACTIVE', 'usertest', 'deabede2-b527-480a-bf51-d9c439f37464');

INSERT INTO public.category (id, created_at, created_by, last_modified_at, last_modified_by, title) VALUES ('bd3c1445-2c1c-457d-be57-ef1373406da8', '2022-11-04 13:13:38.025262', 'khoa', null, null, 'category 1');
INSERT INTO public.category (id, created_at, created_by, last_modified_at, last_modified_by, title) VALUES ('2f6624fc-06a2-4d05-96c4-1bfac2ec88a4', '2022-11-04 13:13:38.025262', 'khoa', null, null, 'category 2');
INSERT INTO public.category (id, created_at, created_by, last_modified_at, last_modified_by, title) VALUES ('636d6dc6-2798-4a3f-a593-04e792296ffc', '2022-11-16 17:16:28.052375', 'SYSTEM', '2022-11-16 17:17:14.452566', 'SYSTEM', 'category 3 modified');

INSERT INTO public.brand (id, created_at, created_by, last_modified_at, last_modified_by, thumbnail, title) VALUES ('e4eba0ff-02f5-45a7-b127-7aed5845d026', '2022-11-04 13:13:38.025262', 'Khoa', null, null, 'zzzzz', 'brand 1');
INSERT INTO public.brand (id, created_at, created_by, last_modified_at, last_modified_by, thumbnail, title) VALUES ('5e8fb62e-6850-408b-a07c-c3f03dedf0ae', '2022-11-04 13:13:38.025262', 'Khoa', null, null, 'cxcc', 'brand 2');

INSERT INTO public.product (id, created_at, created_by, last_modified_at, last_modified_by, description, price, stock, thumbnail, title, brand_id) VALUES ('be64f701-91fd-4f23-ba12-ee57282d7510', '2022-11-16 17:20:41.326219', 'SYSTEM', '2022-11-16 17:20:41.326219', 'SYSTEM', 'san pham 1', 100, 20, 'string', 'product 1', null);
INSERT INTO public.product (id, created_at, created_by, last_modified_at, last_modified_by, description, price, stock, thumbnail, title, brand_id) VALUES ('a64f7e22-0221-4401-8adb-c193ededd389', '2022-11-17 19:33:16.425475', 'usertest', '2022-11-17 19:33:16.425475', 'usertest', 'string', 10, 20, 'string', 'product 2', null);

INSERT INTO public.product_category (category_id, product_id) VALUES ('bd3c1445-2c1c-457d-be57-ef1373406da8', 'be64f701-91fd-4f23-ba12-ee57282d7510');
INSERT INTO public.product_category (category_id, product_id) VALUES ('2f6624fc-06a2-4d05-96c4-1bfac2ec88a4', 'a64f7e22-0221-4401-8adb-c193ededd389');

INSERT INTO public.order_table (id, created_at, created_by, last_modified_at, last_modified_by, comment, status, total_cost, address_id, user_id, phone) VALUES ('b41a9971-69f3-4723-ba1b-ad7f479d80ee', '2022-11-17 22:04:36.540179', 'usertest', '2022-11-17 22:04:36.540179', 'usertest', 'string', 'SUCCESS', 400, 'fd39065d-e8a8-43c5-b50d-6c2c5cd2f673', '100f8ae9-d59c-42ff-ae48-c35150e0f3f0', '0129393');
INSERT INTO public.order_table (id, created_at, created_by, last_modified_at, last_modified_by, comment, status, total_cost, address_id, user_id, phone) VALUES ('933cf6a1-7b80-4fce-81d5-9b48a94949f6', '2022-11-17 22:21:00.755491', 'usertest', '2022-11-17 22:21:00.755491', 'usertest', 'string', 'SUCCESS', 400, '4363c597-ff1a-4fbf-8982-621ea464eb66', '100f8ae9-d59c-42ff-ae48-c35150e0f3f0', '0129393');
INSERT INTO public.order_table (id, created_at, created_by, last_modified_at, last_modified_by, comment, status, total_cost, address_id, user_id, phone) VALUES ('c20ccf7f-63fd-4b42-8a09-91ace632de61', '2022-11-18 00:39:37.675716', 'usertest', '2022-11-18 00:39:37.675716', 'usertest', 'string', 'SUCCESS', 30, '23d63def-9efc-42db-9956-6bee21dc8eec', '100f8ae9-d59c-42ff-ae48-c35150e0f3f0', 'string');
INSERT INTO public.order_table (id, created_at, created_by, last_modified_at, last_modified_by, comment, status, total_cost, address_id, user_id, phone) VALUES ('08a81418-dfd4-441e-b8d2-1ea4e1c2d8ef', '2022-11-18 01:02:46.946544', 'usertest', '2022-11-18 01:02:46.946544', 'usertest', 'good product', 'SUCCESS', 300, '10f97904-8587-49c6-9f8a-fa887d4a9fc9', '100f8ae9-d59c-42ff-ae48-c35150e0f3f0', '123123234');

INSERT INTO public.order_item (order_id, product_id, cost, quantity) VALUES ('b41a9971-69f3-4723-ba1b-ad7f479d80ee', 'be64f701-91fd-4f23-ba12-ee57282d7510', 0, 4);
INSERT INTO public.order_item (order_id, product_id, cost, quantity) VALUES ('933cf6a1-7b80-4fce-81d5-9b48a94949f6', 'be64f701-91fd-4f23-ba12-ee57282d7510', 0, 4);
INSERT INTO public.order_item (order_id, product_id, cost, quantity) VALUES ('c20ccf7f-63fd-4b42-8a09-91ace632de61', 'a64f7e22-0221-4401-8adb-c193ededd389', 0, 3);
INSERT INTO public.order_item (order_id, product_id, cost, quantity) VALUES ('08a81418-dfd4-441e-b8d2-1ea4e1c2d8ef', 'be64f701-91fd-4f23-ba12-ee57282d7510', 0, 3);

INSERT INTO public.cart_item (id, created_at, created_by, last_modified_at, last_modified_by, quantity, product_id, user_id, total_price) VALUES ('2fd5a4ae-063e-492b-a923-cc4ae8de191c', '2022-11-18 01:00:43.189883', 'usertest', '2022-11-18 01:00:43.189883', 'usertest', 6, 'a64f7e22-0221-4401-8adb-c193ededd389', '100f8ae9-d59c-42ff-ae48-c35150e0f3f0', 60);