INSERT INTO public.role (id, created_at, created_by, last_modified_at, last_modified_by, code, description, name) VALUES ('a82da419-076a-45d5-8d8d-041980f3f485', '2022-11-04 13:08:50.893279', 'SYSTEM', '2022-11-04 13:08:50.893279', 'SYSTEM', 'ADMIN', 'Admin has full privileges', 'Admin');
INSERT INTO public.role (id, created_at, created_by, last_modified_at, last_modified_by, code, description, name) VALUES ('deabede2-b527-480a-bf51-d9c439f37464', '2022-11-04 13:09:23.885399', 'SYSTEM', '2022-11-04 13:09:23.885399', 'SYSTEM', 'USER', 'User', 'User');

INSERT INTO public.address (id, created_at, created_by, last_modified_at, last_modified_by, city, district, province, street, zip_code) VALUES ('29615a7e-7a06-4306-a3c9-0dfe0a6bfe3c', '2022-11-17 19:37:24.032384', 'usertest', '2022-11-17 19:37:24.032384', 'usertest', 'string', 'string', 'string', 'string', 'string');
INSERT INTO public.address (id, created_at, created_by, last_modified_at, last_modified_by, city, district, province, street, zip_code) VALUES ('2fdf6dc5-2302-4968-9a99-5ca3c200284b', '2022-11-17 19:49:12.703555', 'usertest', '2022-11-17 19:49:12.703555', 'usertest', 'string', 'string', 'string', 'string', 'string');
INSERT INTO public.address (id, created_at, created_by, last_modified_at, last_modified_by, city, district, province, street, zip_code) VALUES ('fd39065d-e8a8-43c5-b50d-6c2c5cd2f673', '2022-11-17 22:04:36.816445', 'usertest', '2022-11-17 22:04:36.816445', 'usertest', 'string', 'string', 'string', 'string', 'string');
INSERT INTO public.address (id, created_at, created_by, last_modified_at, last_modified_by, city, district, province, street, zip_code) VALUES ('4363c597-ff1a-4fbf-8982-621ea464eb66', '2022-11-17 22:21:00.764978', 'usertest', '2022-11-17 22:21:00.764978', 'usertest', 'string', 'string', 'string', 'string', 'string');
INSERT INTO public.address (id, created_at, created_by, last_modified_at, last_modified_by, city, district, province, street, zip_code) VALUES ('23d63def-9efc-42db-9956-6bee21dc8eec', '2022-11-18 00:39:37.676336', 'usertest', '2022-11-18 00:39:37.676336', 'usertest', 'string', 'string', 'string', 'string', 'string');
INSERT INTO public.address (id, created_at, created_by, last_modified_at, last_modified_by, city, district, province, street, zip_code) VALUES ('10f97904-8587-49c6-9f8a-fa887d4a9fc9', '2022-11-18 01:02:46.951130', 'usertest', '2022-11-18 01:02:46.951130', 'usertest', 'string', 'string', 'string', 'string', 'string');
INSERT INTO public.address (id, created_at, created_by, last_modified_at, last_modified_by, city, district, province, street, zip_code) VALUES ('ea8d2e57-2628-45be-a827-9eb7c85c5c73', '2022-12-11 22:40:53.849848', 'nhisg', '2022-12-11 22:40:53.849848', 'nhisg', 'Ho Chi Minh', 'Tan Binh', null, '127 Bau Cat 2', '100000');
INSERT INTO public.address (id, created_at, created_by, last_modified_at, last_modified_by, city, district, province, street, zip_code) VALUES ('a62c483e-e6fe-4085-b108-88807525c2e7', '2022-12-11 22:58:04.287082', 'nhisg', '2022-12-11 22:58:04.287082', 'nhisg', 'Ho Chi Minh', 'Q11', null, '127 Bau Cat 2, Tan Binh, HCM, V', '100000');
INSERT INTO public.address (id, created_at, created_by, last_modified_at, last_modified_by, city, district, province, street, zip_code) VALUES ('f68e28f8-ed33-4788-8598-d7cc255be5d5', '2022-12-11 22:58:56.604234', 'usertest', '2022-12-11 22:58:56.604234', 'usertest', 'Ho Chi Minh', 'Quan 7', null, '127 Bau Cat 2', '100000');
INSERT INTO public.users (id, created_at, created_by, last_modified_at, last_modified_by, avatar, email, email_verified, name, password, status, username, role_id) VALUES ('09d8e47a-da06-4861-bb52-a4aca9c465e5', '2022-11-04 13:13:38.025262', 'SYSTEM', '2022-11-04 13:13:58.788314', 'SYSTEM', null, 'ndkhoalk97@gmail.com', true, 'Admin', '$2a$10$3HlQfx6WS2SarObeA8awkuvZrus1iXdyDXhTTJrBCEa5nMjPR9b6u', 'ACTIVE', 'admin', 'a82da419-076a-45d5-8d8d-041980f3f485');
INSERT INTO public.users (id, created_at, created_by, last_modified_at, last_modified_by, avatar, email, email_verified, name, password, status, username, role_id) VALUES ('100f8ae9-d59c-42ff-ae48-c35150e0f3f0', '2022-11-04 13:56:01.425603', 'SYSTEM', '2022-11-04 13:56:30.224530', 'SYSTEM', null, 'ndkhoalk97test@yopmail.com', true, 'UserTest', '$2a$10$j0.nMpKy9o9RsYpYpYcdVuIkBAp2LDS8AxlTlBl3WqUFzdltWVU1W', 'ACTIVE', 'usertest', 'deabede2-b527-480a-bf51-d9c439f37464');

INSERT INTO public.category (id, created_at, created_by, last_modified_at, last_modified_by, title) VALUES ('bd3c1445-2c1c-457d-be57-ef1373406da8', '2022-11-04 13:13:38.025262', 'SYSTEM', '2022-11-16 17:17:14.452566', null, 'Men');
INSERT INTO public.category (id, created_at, created_by, last_modified_at, last_modified_by, title) VALUES ('2f6624fc-06a2-4d05-96c4-1bfac2ec88a4', '2022-11-04 13:13:38.025262', 'SYSTEM', '2022-11-16 17:17:14.452566', null, 'Women');
INSERT INTO public.category (id, created_at, created_by, last_modified_at, last_modified_by, title) VALUES ('636d6dc6-2798-4a3f-a593-04e792296ffc', '2022-11-16 17:16:28.052375', 'SYSTEM', '2022-11-16 17:17:14.452566', 'SYSTEM', 'Kid');

INSERT INTO public.brand (id, created_at, created_by, last_modified_at, last_modified_by, thumbnail, title) VALUES ('e4eba0ff-02f5-45a7-b127-7aed5845d026', '2022-11-04 13:13:38.025262', 'Khoa', null, null, 'zzzzz', 'brand 1');
INSERT INTO public.brand (id, created_at, created_by, last_modified_at, last_modified_by, thumbnail, title) VALUES ('5e8fb62e-6850-408b-a07c-c3f03dedf0ae', '2022-11-04 13:13:38.025262', 'Khoa', null, null, 'cxcc', 'brand 2');

INSERT INTO public.product (id, created_at, created_by, last_modified_at, last_modified_by, description, price, stock, thumbnail, title, brand_id) VALUES ('70637039-068f-4526-9498-98a0eb4d213d', '2022-12-11 22:22:55.907379', 'SYSTEM', '2022-12-11 22:22:55.907379', 'SYSTEM', 'Cotton plain pant for men', 30, 15, 'https://thumbsnap.com/i/fCfmeQGp.jpg', 'Cotton Pant', null);
INSERT INTO public.product (id, created_at, created_by, last_modified_at, last_modified_by, description, price, stock, thumbnail, title, brand_id) VALUES ('9fb765cb-8b5d-400a-b063-59da2dbceb36', '2022-12-11 22:25:32.317144', 'SYSTEM', '2022-12-11 22:25:32.317144', 'SYSTEM', ' Soft rayon-polyester blend drape fabric', 50, 20, 'https://thumbsnap.com/i/9rZsCq1q.jpg', 'Belted Short Sleeve Dress', null);
INSERT INTO public.product (id, created_at, created_by, last_modified_at, last_modified_by, description, price, stock, thumbnail, title, brand_id) VALUES ('3cd78b63-d7b2-40d6-bf01-2ed7d0795868', '2022-12-11 22:27:29.812848', 'SYSTEM', '2022-12-11 22:27:29.812848', 'SYSTEM', 'Long brown dress', 45, 15, 'https://thumbsnap.com/i/BTo6Hc8i.jpg', 'Leianily Dress', null);
INSERT INTO public.product (id, created_at, created_by, last_modified_at, last_modified_by, description, price, stock, thumbnail, title, brand_id) VALUES ('e1479e97-a8f1-4214-902d-9dc50643eff6', '2022-12-11 22:29:42.410962', 'SYSTEM', '2022-12-11 22:29:42.410962', 'SYSTEM', 'Kid Cloth model A1', 10, 10, 'https://thumbsnap.com/i/UCRMmoRv.jpg', 'Kid Cloth - A1', null);
INSERT INTO public.product (id, created_at, created_by, last_modified_at, last_modified_by, description, price, stock, thumbnail, title, brand_id) VALUES ('7f02be20-b677-4c82-8120-aa782d717082', '2022-12-11 22:17:18.376805', 'SYSTEM', '2022-12-11 22:55:32.097775', 'SYSTEM', 'Basic shirt for men', 20, 9, 'https://thumbsnap.com/i/Y2QArByW.jpg', 'T-Shirt', null);
INSERT INTO public.product (id, created_at, created_by, last_modified_at, last_modified_by, description, price, stock, thumbnail, title, brand_id) VALUES ('ccfb691d-add7-4f06-ae97-322029baa1cc', '2022-12-11 22:30:07.626274', 'SYSTEM', '2022-12-11 23:19:21.139966', 'SYSTEM', 'Kid Cloth model A2', 12, 1, 'https://thumbsnap.com/i/UgiTk4ie.jpg', 'Kid cloth - A2', null);

INSERT INTO public.product_category (category_id, product_id) VALUES ('bd3c1445-2c1c-457d-be57-ef1373406da8', '7f02be20-b677-4c82-8120-aa782d717082');
INSERT INTO public.product_category (category_id, product_id) VALUES ('bd3c1445-2c1c-457d-be57-ef1373406da8', '70637039-068f-4526-9498-98a0eb4d213d');
INSERT INTO public.product_category (category_id, product_id) VALUES ('2f6624fc-06a2-4d05-96c4-1bfac2ec88a4', '9fb765cb-8b5d-400a-b063-59da2dbceb36');
INSERT INTO public.product_category (category_id, product_id) VALUES ('2f6624fc-06a2-4d05-96c4-1bfac2ec88a4', '3cd78b63-d7b2-40d6-bf01-2ed7d0795868');
INSERT INTO public.product_category (category_id, product_id) VALUES ('636d6dc6-2798-4a3f-a593-04e792296ffc', 'e1479e97-a8f1-4214-902d-9dc50643eff6');
INSERT INTO public.product_category (category_id, product_id) VALUES ('636d6dc6-2798-4a3f-a593-04e792296ffc', 'ccfb691d-add7-4f06-ae97-322029baa1cc');

INSERT INTO public.order_table (id, created_at, created_by, last_modified_at, last_modified_by, comment, phone, status, total_cost, address_id, user_id) VALUES ('3fe57417-ef46-4ae8-a6a9-9cf600e879b6', '2022-12-11 22:40:53.846815', 'nhisg', '2022-12-11 22:55:46.830067', 'SYSTEM', null, '0337 246 997', 'SUCCESS', 32, 'ea8d2e57-2628-45be-a827-9eb7c85c5c73', '228dfa6a-74e0-4359-8ce5-8046cb52427f');
INSERT INTO public.order_table (id, created_at, created_by, last_modified_at, last_modified_by, comment, phone, status, total_cost, address_id, user_id) VALUES ('7a3ff507-bd0d-480a-9895-3f1351738b06', '2022-12-11 22:58:04.283277', 'nhisg', '2022-12-11 23:01:21.683294', 'SYSTEM', null, '0938101296', 'DELIVERING', 96, 'a62c483e-e6fe-4085-b108-88807525c2e7', '228dfa6a-74e0-4359-8ce5-8046cb52427f');
INSERT INTO public.order_table (id, created_at, created_by, last_modified_at, last_modified_by, comment, phone, status, total_cost, address_id, user_id) VALUES ('a2c64775-ec7c-4404-a742-4198ea7518c8', '2022-12-11 22:58:56.603690', 'usertest', '2022-12-11 23:48:11.035384', 'SYSTEM', null, '09382', 'FAILED', 60, 'f68e28f8-ed33-4788-8598-d7cc255be5d5', '100f8ae9-d59c-42ff-ae48-c35150e0f3f0');

INSERT INTO public.order_item (order_id, product_id, cost, quantity) VALUES ('3fe57417-ef46-4ae8-a6a9-9cf600e879b6', '7f02be20-b677-4c82-8120-aa782d717082', 0, 1);
INSERT INTO public.order_item (order_id, product_id, cost, quantity) VALUES ('3fe57417-ef46-4ae8-a6a9-9cf600e879b6', 'ccfb691d-add7-4f06-ae97-322029baa1cc', 0, 1);
INSERT INTO public.order_item (order_id, product_id, cost, quantity) VALUES ('7a3ff507-bd0d-480a-9895-3f1351738b06', 'ccfb691d-add7-4f06-ae97-322029baa1cc', 0, 8);
INSERT INTO public.order_item (order_id, product_id, cost, quantity) VALUES ('a2c64775-ec7c-4404-a742-4198ea7518c8', 'ccfb691d-add7-4f06-ae97-322029baa1cc', 0, 5);
